<?xml version="1.0" encoding="UTF-8" standalone="no"?>
<!DOCTYPE properties SYSTEM "http://java.sun.com/dtd/properties.dtd">
<properties>
<entry key="profiler.settings.instrument.empty.methods">true</entry>
<entry key="ProfilerCPUSettings_profile_runnables">true</entry>
<entry key="profiler.settings.n.profiled.threads.limit">32</entry>
<entry key="ProfilerCPUSettings_filter_type">2</entry>
<entry key="profiler.settings.obj.alloc.stack.sampling.depth">-1</entry>
<entry key="profiler.settings.instrument.method.invoke">true</entry>
<entry key="profiler.settings.instr.scheme">1</entry>
<entry key="ProfilerMemorySettings_track_every">10</entry>
<entry key="ProfilerMemorySettings_mode">4</entry>
<entry key="ProfilerCPUSettings_root_classes">com.nkl.admin.action.**
com.nkl.admin.dao.**
com.nkl.admin.domain.**
com.nkl.admin.manager.**
com.nkl.common.dao.**
com.nkl.common.util.**
</entry>
<entry key="ProfilerCPUSettings_filter_value">com.nkl.admin.action.*,&#13;
com.nkl.admin.dao.*,&#13;
com.nkl.admin.domain.*,&#13;
com.nkl.admin.manager.*,&#13;
com.nkl.common.dao.*,&#13;
com.nkl.common.util.*</entry>
<entry key="profiler.settings.istrument.getter.setter.methods">true</entry>
<entry key="myeclipse.profiling.mode">0</entry>
<entry key="ProfilerMemorySettings_stacktraces">-1</entry>
<entry key="profiler.settings.sampling.interval">10</entry>
<entry key="profiler.settings.cpu.profiling.type">0</entry>
</properties>
